PDS,PSG,DRI,T_TFC_ACC,DATE,SOA_FATAL,SOA_SERIOUS,SOA_SLIGHT,VCT_VEHICLE,VCT_PDS,VCT_OBJ,VCT_NONCOL,NO_ISSUE_WARN_8_14PT,NO_ISSUE_SINCE_1984,NO_SUMMON_15PT_MORE,NO_SUMMON_SINCE_1984,NO_DRI_INCUR_PT_5YR,NO_VALID_LIC_TYPE1,NO_VALID_LIC_TYPE2,NO_VALID_LIC_TYPE3,NO_VALID_LIC_TYPE4,NO_NOVER_3YR_EXP_LIC_TYPE1,NO_NOVER_3YR_EXP_LIC_TYPE2,NO_NOVER_3YR_EXP_LIC_TYPE3,NO_OVER_3YR_EXP_LIC_TYPE1,NO_OVER_3YR_EXP_LIC_TYPE2,NO_OVER_3YR_EXP_LIC_TYPE3,ACCIDENT_RATE
322,587,767,1343,2013-01-01,7,228,1108,532,287,136,388,5079,1092776,206,102580,500628,1942463.0,1471.0,37295.0,81895.0,101171.0,462.0,93497.0,642466.0,4314.0,38069.0,0.10474502854892695
238,544,668,1151,2013-02-01,6,192,953,457,222,115,357,3548,1096324,173,102753,500072,1948970.0,1466.0,36587.0,80846.0,95038.0,470.0,96248.0,647014.0,4318.0,38299.0,0.12880496054114995
309,611,771,1296,2013-03-01,9,202,1085,513,277,129,377,4128,1100452,194,102947,501473,1955697.0,1466.0,36303.0,82059.0,88190.0,468.0,99015.0,652866.0,4326.0,38743.0,0.12427325581395349
302,503,762,1247,2013-04-01,8,198,1041,482,260,152,353,3385,1103837,159,103106,501629,1962231.0,1468.0,36490.0,83151.0,84759.0,462.0,100566.0,655360.0,4331.0,39713.0,0.14239290989660267
320,680,775,1339,2013-05-01,10,187,1142,527,300,134,378,5027,1108864,242,103348,503167,1968469.0,1458.0,36647.0,83856.0,81531.0,458.0,102025.0,658029.0,4339.0,41158.0,0.10483389695643525
337,655,856,1430,2013-06-01,8,228,1194,605,299,141,385,3970,1112834,178,103526,504999,1973983.0,1469.0,37181.0,84930.0,78959.0,446.0,102782.0,660354.0,4342.0,42929.0,0.15239294710327456
321,600,922,1425,2013-07-01,14,219,1192,606,285,180,354,4688,1117522,247,103773,505412,1980526.0,1475.0,37778.0,87639.0,76429.0,437.0,103588.0,662571.0,4350.0,45075.0,0.12926621160409557
278,608,866,1343,2013-08-01,12,213,1118,594,255,214,280,3738,1121260,182,103955,506126,1986781.0,1467.0,37684.0,88372.0,74162.0,439.0,104905.0,664805.0,4356.0,47110.0,0.15890850722311398
332,600,818,1391,2013-09-01,13,218,1160,568,298,162,363,3451,1124711,197,104152,506573,1992751.0,1462.0,38086.0,89961.0,72384.0,434.0,105291.0,666637.0,4361.0,49466.0,0.16458997392060273
307,557,818,1364,2013-10-01,14,212,1138,505,288,234,337,4834,1129545,218,104370,507275,1998797.0,1456.0,38876.0,92287.0,70427.0,437.0,105543.0,668438.0,4366.0,51922.0,0.10446834919321472
321,636,823,1375,2013-11-01,15,191,1169,549,288,255,283,4052,1133597,207,104577,508249,2004942.0,1453.0,39757.0,93362.0,68683.0,430.0,106620.0,670183.0,4375.0,54096.0,0.13548864758144127
307,663,812,1385,2013-12-01,12,188,1185,581,270,215,319,4663,1138260,223,104800,508434,2010715.0,1452.0,40559.0,95250.0,66960.0,422.0,107019.0,672029.0,4376.0,56712.0,0.12459789834870255
333,655,779,1377,2014-01-01,8,224,1145,529,304,99,445,4432,1142692,213,105013,510228,2016921.0,1462.0,41960.0,95890.0,65116.0,408.0,107282.0,673938.0,4382.0,59239.0,0.11935920577617329
237,484,596,1062,2014-02-01,4,176,882,415,219,59,369,4098,1146790,193,105206,511975,2021438.0,1475.0,43175.0,97754.0,63388.0,386.0,107078.0,676028.0,4392.0,61697.0,0.10126891166422645
264,527,743,1239,2014-03-01,7,203,1029,522,238,97,382,4576,1151366,206,105412,514945,2026814.0,1476.0,44126.0,98204.0,62161.0,379.0,106962.0,678068.0,4398.0,64766.0,0.11407342657342658
285,492,843,1322,2014-04-01,7,209,1106,546,266,83,427,4116,1155482,210,105622,515083,2031918.0,1473.0,45210.0,98313.0,61599.0,376.0,107300.0,679320.0,4401.0,67151.0,0.1326530612244898
316,601,818,1345,2014-05-01,4,202,1139,584,299,88,374,3685,1159167,187,105809,515888,2037360.0,1465.0,45802.0,98027.0,60800.0,379.0,107388.0,680834.0,4408.0,70098.0,0.15848032564450476
300,536,857,1353,2014-06-01,9,245,1099,596,281,70,406,3581,1162748,166,105975,516831,2042920.0,1463.0,46541.0,98781.0,60549.0,376.0,107694.0,682117.0,4415.0,72808.0,0.16643395699525274
286,563,900,1383,2014-07-01,4,199,1180,616,267,77,423,4497,1167245,221,106196,517713,2049177.0,1474.0,47036.0,99414.0,60354.0,372.0,108735.0,683317.0,4418.0,75295.0,0.13698020902824104
279,588,887,1366,2014-08-01,13,231,1122,621,252,72,421,3552,1170797,168,106364,518744,2054984.0,1461.0,47712.0,100438.0,60304.0,380.0,109012.0,684655.0,4422.0,78190.0,0.17483108108108109
327,581,781,1287,2014-09-01,11,190,1086,535,283,75,394,3919,1174716,185,106549,518706,2061712.0,1460.0,48258.0,101204.0,59928.0,383.0,109210.0,685834.0,4427.0,81092.0,0.13651441694309774
339,504,817,1346,2014-10-01,13,224,1109,555,309,59,423,3652,1178368,200,106749,519339,2068720.0,1464.0,48356.0,100517.0,59625.0,377.0,110326.0,687023.0,4427.0,83432.0,0.15197152245345016
305,533,786,1337,2014-11-01,10,210,1117,563,277,58,439,3388,1181756,165,106914,519684,2075337.0,1459.0,47922.0,100209.0,59534.0,376.0,111467.0,688193.0,4432.0,86357.0,0.16617473435655253
333,596,783,1373,2014-12-01,9,195,1169,574,315,63,421,3776,1185532,169,107083,519236,2082274.0,1451.0,48015.0,98606.0,59514.0,380.0,112138.0,689324.0,4437.0,89427.0,0.1520127118644068
321,581,810,1404,2015-01-01,9,223,1172,602,296,53,453,3708,1189240,185,107268,520392,2089749.0,1455.0,47898.0,97135.0,59210.0,379.0,113489.0,690487.0,4439.0,92257.0,0.16235167206040993
280,516,660,1132,2015-02-01,6,183,943,475,253,53,351,3488,1192728,150,107418,520938,2095599.0,1453.0,48035.0,93926.0,58661.0,376.0,114142.0,691617.0,4451.0,94992.0,0.13618119266055045
273,569,845,1324,2015-03-01,13,208,1103,563,243,75,443,4475,1197203,192,107610,521742,2103063.0,1455.0,48224.0,92333.0,57943.0,376.0,114654.0,692772.0,4458.0,98367.0,0.12581005586592178
256,536,825,1298,2015-04-01,10,234,1054,547,239,73,439,3330,1200533,151,107761,521926,2109176.0,1452.0,48013.0,91756.0,57873.0,378.0,115625.0,693784.0,4462.0,101151.0,0.16426426426426427
307,654,847,1379,2015-05-01,9,194,1176,568,281,94,436,3332,1203865,142,107903,522454,2115066.0,1496.0,47890.0,91093.0,57902.0,361.0,116439.0,694844.0,4468.0,104010.0,0.17046818727490998
303,586,908,1391,2015-06-01,9,214,1168,659,283,84,365,4141,1208006,175,108078,522582,2122277.0,1515.0,48242.0,91052.0,58128.0,367.0,116912.0,695734.0,4470.0,107288.0,0.15914030427432987
300,581,918,1428,2015-07-01,18,237,1173,660,273,97,398,3350,1211356,161,108239,523204,2129388.0,1542.0,48121.0,90492.0,58083.0,351.0,118014.0,696784.0,4474.0,110202.0,0.19701492537313434
270,588,882,1349,2015-08-01,5,201,1143,631,246,90,382,3607,1214963,186,108425,524241,2135760.0,1563.0,47917.0,90420.0,58468.0,349.0,118630.0,697856.0,4477.0,113429.0,0.17493762129193235
304,506,892,1436,2015-09-01,7,216,1213,644,272,76,444,4019,1218982,184,108609,524391,2142138.0,1568.0,47971.0,90083.0,58725.0,360.0,119296.0,698889.0,4478.0,116411.0,0.16023886538940035
303,561,926,1421,2015-10-01,10,222,1189,623,278,86,434,3500,1222482,140,108749,524928,2147965.0,1578.0,47678.0,89682.0,58906.0,366.0,120014.0,699944.0,4481.0,119269.0,0.178
294,518,819,1314,2015-11-01,6,204,1104,573,273,64,404,3915,1226397,168,108917,526120,2154196.0,1594.0,47994.0,89710.0,59304.0,362.0,120352.0,700811.0,4484.0,122501.0,0.14636015325670498
302,543,797,1294,2015-12-01,15,174,1105,553,281,82,378,4370,1230767,165,109082,526901,2161299.0,1612.0,48644.0,91610.0,59466.0,360.0,121030.0,701745.0,4487.0,125685.0,0.12654462242562928
308,627,875,1453,2016-01-01,7,206,1240,682,290,88,393,3658,1234425,160,109242,526896,2167978.0,1625.0,48377.0,92130.0,59810.0,360.0,122397.0,702815.0,4492.0,128372.0,0.1864406779661017
248,457,689,1141,2016-02-01,4,186,951,505,225,61,350,2965,1237390,135,109377,526100,2172852.0,1640.0,48450.0,93861.0,60086.0,348.0,122985.0,703727.0,4496.0,131290.0,0.1703204047217538
257,536,853,1327,2016-03-01,8,193,1126,631,233,83,380,3912,1241302,188,109565,526608,2178604.0,1646.0,48480.0,94262.0,60597.0,351.0,123853.0,704717.0,4498.0,134469.0,0.16129856850715746
301,482,837,1319,2016-04-01,10,196,1113,627,281,80,331,3324,1244626,160,109725,526869,2184457.0,1656.0,49146.0,94645.0,61077.0,345.0,124859.0,705357.0,4501.0,136967.0,0.18862815884476533
303,564,923,1424,2016-05-01,9,236,1179,660,283,88,393,4383,1249009,202,109927,527664,2190618.0,1660.0,50678.0,95104.0,61605.0,350.0,125554.0,706160.0,4506.0,139781.0,0.15058179329226556
283,624,901,1369,2016-06-01,12,222,1135,628,259,93,389,3130,1252139,153,110080,527693,2196714.0,1662.0,51655.0,94283.0,62435.0,360.0,127088.0,706942.0,4506.0,142258.0,0.20063897763578276
285,506,836,1316,2016-07-01,8,200,1108,591,267,77,381,3312,1255451,147,110227,528313,2202334.0,1654.0,52114.0,92938.0,63386.0,372.0,127998.0,707828.0,4507.0,145183.0,0.17844202898550723
273,506,856,1296,2016-08-01,12,195,1089,615,254,68,359,3605,1259056,138,110365,528507,2208088.0,1653.0,53042.0,92786.0,64580.0,380.0,128375.0,708752.0,4510.0,148428.0,0.17059639389736478
282,506,847,1322,2016-09-01,14,208,1100,614,261,80,367,3102,1262158,182,110547,529108,2213571.0,1656.0,53213.0,92859.0,65724.0,381.0,129391.0,709611.0,4518.0,151138.0,0.19793681495809157
277,568,872,1354,2016-10-01,11,190,1153,634,257,76,387,3401,1265559,153,110700,530112,2217810.0,1657.0,53600.0,92254.0,66726.0,390.0,129991.0,710588.0,4520.0,153834.0,0.18641576007056748
303,562,890,1417,2016-11-01,11,186,1220,698,275,69,375,4938,1270497,226,110926,531942,2223383.0,1668.0,53974.0,93114.0,67658.0,389.0,130642.0,711495.0,4519.0,157060.0,0.14135277440259214
309,567,819,1361,2016-12-01,23,161,1177,622,287,63,389,3555,1274052,150,111076,531435,2229183.0,1675.0,53443.0,93226.0,68635.0,382.0,132123.0,712357.0,4525.0,160091.0,0.1749648382559775
284,608,867,1397,2017-01-01,10,195,1192,679,262,50,406,3829,1277881,179,111255,532169,2234292.0,1668.0,53421.0,94055.0,69735.0,390.0,133086.0,713427.0,4527.0,162883.0,0.1773308957952468
243,409,721,1130,2017-02-01,9,171,950,520,230,69,311,3550,1281431,160,111415,532533,2240087.0,1672.0,53925.0,96701.0,69918.0,382.0,134180.0,714628.0,4531.0,165131.0,0.14647887323943662
290,541,853,1341,2017-03-01,9,194,1138,655,274,74,338,5051,1286482,235,111650,533237,2247006.0,1667.0,54414.0,97889.0,70476.0,391.0,135484.0,715876.0,4534.0,168050.0,0.12967729162542072
263,563,869,1302,2017-04-01,10,194,1098,600,251,70,381,3231,1289713,170,111820,532407,2251716.0,1662.0,53711.0,97350.0,71118.0,391.0,136920.0,717067.0,4536.0,170729.0,0.18570102135561745
278,563,940,1371,2017-05-01,10,211,1150,673,269,70,359,4376,1294089,215,112035,532717,2257862.0,1660.0,52789.0,97421.0,71970.0,395.0,138946.0,718273.0,4539.0,173736.0,0.15379341864716636
282,591,810,1309,2017-06-01,7,195,1107,624,259,79,347,3827,1297916,180,112215,533807,2258659.0,1666.0,51959.0,97512.0,78729.0,388.0,140946.0,719511.0,4544.0,176742.0,0.16305199895479489
231,559,892,1298,2017-07-01,9,168,1121,664,213,80,341,3795,1301711,201,112416,534354,2259023.0,1671.0,51620.0,97121.0,85222.0,385.0,141809.0,720835.0,4545.0,180220.0,0.17496706192358366
232,545,858,1270,2017-08-01,10,178,1082,641,208,78,343,4666,1306377,228,112644,534268,2260197.0,1668.0,51323.0,96187.0,91242.0,389.0,143223.0,722231.0,4547.0,183356.0,0.13737676810972996
277,476,887,1341,2017-09-01,6,168,1167,708,246,70,317,3783,1310160,211,112855,534198,2261517.0,1661.0,51020.0,95043.0,96808.0,389.0,144061.0,723494.0,4551.0,186414.0,0.18715305313243458
260,527,853,1309,2017-10-01,2,157,1150,630,240,76,363,3459,1313619,180,113035,533455,2261928.0,1650.0,50885.0,94482.0,102441.0,396.0,144357.0,724772.0,4551.0,189819.0,0.1821335646140503
279,605,792,1323,2017-11-01,8,110,1205,641,260,51,371,4566,1318185,229,113264,533484,2263474.0,1648.0,50681.0,93114.0,107770.0,398.0,144578.0,725972.0,4552.0,193817.0,0.14038545773105562
271,554,815,1334,2017-12-01,14,129,1191,613,246,59,416,3361,1321546,171,113435,532730,2264019.0,1649.0,50534.0,91886.0,113127.0,405.0,144834.0,727306.0,4557.0,197557.0,0.18238619458494496
283,532,881,1385,2018-01-01,9,176,1200,639,258,78,410,4804,1326350,245,113680,533413,2265809.0,1652.0,50544.0,92735.0,118476.0,401.0,144423.0,728509.0,4559.0,201699.0,0.13301415487094087
229,570,682,1130,2018-02-01,7,122,1001,518,216,62,334,3534,1329884,148,113828,533319,2265160.0,1648.0,50076.0,90225.0,124478.0,408.0,144859.0,729573.0,4561.0,205069.0,0.14657611771363893
258,446,828,1279,2018-03-01,11,120,1148,598,236,62,383,3519,1333403,183,114011,533305,2266726.0,1659.0,49537.0,89670.0,129901.0,397.0,145791.0,730761.0,4566.0,208877.0,0.16993464052287582
259,440,830,1279,2018-04-01,10,140,1129,615,244,67,353,3627,1337030,189,114200,532629,2267950.0,1656.0,49646.0,90450.0,135179.0,397.0,145530.0,731913.0,4569.0,212555.0,0.1695616211745244
254,492,881,1323,2018-05-01,11,147,1165,678,236,57,352,4992,1342022,251,114451,533243,2269734.0,1650.0,49087.0,90603.0,140035.0,397.0,146046.0,733198.0,4571.0,216183.0,0.13581730769230768
265,490,886,1334,2018-06-01,12,140,1182,649,245,80,360,3511,1345533,163,114614,533278,2272167.0,1667.0,48616.0,90221.0,144011.0,391.0,146486.0,734561.0,4575.0,219918.0,0.1848476217601823
267,512,968,1397,2018-07-01,7,143,1247,709,246,85,357,3340,1348873,171,114785,533149,2274626.0,1658.0,48979.0,91293.0,148357.0,404.0,146514.0,735945.0,4578.0,223889.0,0.2122754491017964
243,484,994,1419,2018-08-01,10,147,1262,750,227,96,346,4242,1353115,246,115031,532533,2278526.0,1661.0,49162.0,92054.0,151728.0,397.0,146982.0,737490.0,4585.0,227676.0,0.1768033946251768
256,491,826,1271,2018-09-01,10,111,1150,654,238,64,315,3439,1356554,179,115210,531860,2279666.0,1651.0,49083.0,91637.0,156361.0,403.0,146992.0,738977.0,4589.0,231299.0,0.19017156150043618
303,567,930,1439,2018-10-01,6,183,1250,706,283,61,389,4479,1361033,228,115438,531296,2283358.0,1655.0,49063.0,92590.0,158973.0,400.0,147037.0,740422.0,4592.0,234846.0,0.15762446974771155
287,552,882,1375,2018-11-01,7,132,1236,704,267,56,348,3914,1364947,196,115634,530981,2287686.0,1654.0,49139.0,93089.0,161367.0,394.0,147531.0,741856.0,4599.0,238385.0,0.17986714358712313
302,475,792,1304,2018-12-01,7,121,1176,629,264,71,340,3704,1368651,194,115828,530196,2290097.0,1658.0,49120.0,93493.0,165302.0,394.0,147563.0,743188.0,4603.0,242225.0,0.16981641468682504
256,606,934,1394,2019-01-01,12,180,1202,728,248,64,354,4746,1373397,241,116069,529392,2294558.0,1655.0,49111.0,93120.0,168238.0,394.0,147270.0,744557.0,4607.0,246245.0,0.15339233038348082
217,489,732,1143,2019-02-01,6,154,983,566,205,53,319,3358,1376755,204,116273,528872,2295372.0,1649.0,48281.0,94130.0,172283.0,397.0,147186.0,745846.0,4608.0,249730.0,0.16855270994639668
273,562,905,1365,2019-03-01,7,184,1174,716,259,74,316,4251,1381006,204,116477,529969,2298510.0,1643.0,47607.0,93607.0,176102.0,409.0,147339.0,747372.0,4614.0,253756.0,0.1684309574217831
221,491,829,1245,2019-04-01,13,138,1094,639,210,75,321,3622,1384628,186,116663,530274,2302229.0,1658.0,47693.0,93559.0,178727.0,388.0,147428.0,748680.0,4620.0,257210.0,0.17642186637217008
291,549,910,1416,2019-05-01,5,171,1240,731,264,64,357,4348,1388976,237,116900,530595,2307216.0,1662.0,48231.0,93372.0,180781.0,376.0,147502.0,750142.0,4622.0,260751.0,0.16812327506899724
211,459,975,1367,2019-06-01,8,153,1206,737,201,69,360,3311,1392287,200,117100,529883,2309773.0,1655.0,48081.0,92209.0,183968.0,384.0,147169.0,751777.0,4624.0,264786.0,0.22259136212624583
241,585,984,1359,2019-07-01,5,162,1192,753,225,68,313,2978,1395265,189,117289,529266,2313664.0,1659.0,47731.0,91610.0,187247.0,377.0,147696.0,753474.0,4631.0,268615.0,0.25285426460711885
219,527,953,1314,2019-08-01,10,155,1149,715,208,89,302,3574,1398839,199,117488,528207,2316976.0,1669.0,47593.0,91361.0,190358.0,372.0,148466.0,755465.0,4634.0,272240.0,0.20005595970900952
233,491,931,1329,2019-09-01,9,141,1179,738,220,68,303,2717,1401556,160,117648,526791,2319906.0,1686.0,48155.0,92905.0,193273.0,353.0,148348.0,757467.0,4639.0,275901.0,0.2716231137283769
229,460,990,1364,2019-10-01,10,155,1199,726,217,76,345,3268,1404824,198,117846,525851,2322026.0,1688.0,48404.0,93541.0,196117.0,348.0,148542.0,759410.0,4647.0,279195.0,0.22215422276621788
257,460,949,1367,2019-11-01,11,130,1226,705,243,47,372,2837,1407661,168,118014,525424,2324241.0,1681.0,48535.0,93590.0,198902.0,352.0,148846.0,761448.0,4655.0,282985.0,0.24850193866760661
257,551,991,1439,2019-12-01,11,108,1320,742,237,72,388,2759,1410420,133,118147,524813,2326760.0,1675.0,49298.0,95117.0,201749.0,355.0,148240.0,763392.0,4661.0,287434.0,0.26893802102210945
266,524,958,1387,2020-01-01,15,157,1215,705,247,70,365,3366,1413786,166,118313,523441,2327595.0,1666.0,49204.0,94304.0,204874.0,360.0,148320.0,765552.0,4664.0,291163.0,0.20944741532976827
161,283,691,946,2020-02-01,8,109,829,480,153,55,258,2338,1416124,61,118374,522281,2320871.0,1657.0,47682.0,91352.0,211583.0,365.0,147615.0,767271.0,4668.0,294567.0,0.20530367835757057
161,335,944,1202,2020-03-01,8,147,1047,591,150,63,398,3290,1419414,89,118463,524088,2314443.0,1657.0,45902.0,89590.0,218763.0,353.0,147008.0,769459.0,4680.0,298790.0,0.17963525835866262
174,253,756,1026,2020-04-01,5,135,886,475,161,41,349,3539,1422953,121,118584,523792,2311275.0,1651.0,43518.0,88699.0,222744.0,352.0,146624.0,771470.0,4687.0,302922.0,0.13421870584910991
199,374,1008,1299,2020-05-01,10,172,1117,657,189,75,378,4065,1427018,201,118785,525610,2309942.0,1634.0,41325.0,87642.0,225559.0,358.0,145772.0,773722.0,4694.0,307914.0,0.16162361623616237
245,436,1092,1453,2020-06-01,9,167,1277,811,226,65,351,3431,1430449,187,118972,525856,2309454.0,1644.0,42632.0,91731.0,225433.0,348.0,144282.0,778520.0,4697.0,312753.0,0.23637423491693385
185,322,1048,1300,2020-07-01,9,173,1118,699,177,64,360,4058,1434507,190,119162,525985,2311872.0,1641.0,43074.0,94531.0,225099.0,350.0,143849.0,783559.0,4699.0,316945.0,0.17225234105470674
132,288,932,1158,2020-08-01,9,134,1015,600,122,62,374,2770,1436277,152,119314,525093,2308806.0,1608.0,40325.0,92023.0,226248.0,374.0,143625.0,788856.0,4704.0,321496.0,0.21660649819494585
189,378,1053,1346,2020-09-01,4,179,1163,748,187,62,349,3875,1440152,154,119468,525429,2312102.0,1619.0,39424.0,93456.0,225434.0,372.0,143790.0,793734.0,4706.0,325322.0,0.19303225806451613
209,452,1161,1503,2020-10-01,5,202,1296,799,200,48,456,3392,1443544,131,119599,525968,2314471.0,1617.0,40155.0,95640.0,224554.0,375.0,143809.0,798777.0,4707.0,328924.0,0.23555424528301888
200,363,1117,1395,2020-11-01,5,193,1197,742,190,51,412,3878,1447422,199,119798,526405,2317151.0,1640.0,41247.0,98582.0,224029.0,354.0,143649.0,803686.0,4712.0,333040.0,0.19133574007220217
183,296,992,1283,2020-12-01,9,144,1130,673,173,41,396,4007,1451429,205,120003,526483,2314981.0,1646.0,38045.0,95975.0,225163.0,350.0,144364.0,808546.0,4716.0,337008.0,0.1679560768654854
206,346,1088,1365,2021-01-01,7,183,1175,722,189,48,406,3554,1454983,165,120168,528530,2312416.0,1627.0,34646.0,94236.0,226042.0,368.0,144454.0,813550.0,4716.0,340799.0,0.20315137872819358
202,428,1035,1347,2021-02-01,9,186,1152,722,190,48,387,3229,1458212,144,120312,528950,2312332.0,1622.0,34115.0,96252.0,225669.0,362.0,141766.0,818626.0,4720.0,344593.0,0.22359863734902446
208,420,1110,1437,2021-03-01,5,187,1245,750,196,52,439,3902,1462114,181,120493,529253,2315060.0,1618.0,36493.0,100687.0,224239.0,358.0,138828.0,824053.0,4724.0,349136.0,0.1922091235263967
218,428,1140,1471,2021-04-01,6,166,1299,734,203,66,468,3114,1465228,167,120660,529532,2317346.0,1608.0,39620.0,104209.0,221898.0,361.0,136642.0,829364.0,4730.0,352441.0,0.2357096981374438
222,508,1221,1584,2021-05-01,3,174,1407,878,207,63,436,3479,1468707,136,120796,530595,2318158.0,1611.0,42739.0,106096.0,220711.0,357.0,134511.0,834441.0,4733.0,356444.0,0.2523713710836447
220,448,1172,1481,2021-06-01,8,160,1313,833,199,68,381,4074,1472781,189,120985,531704,2320559.0,1602.0,43848.0,104756.0,219794.0,357.0,135041.0,839167.0,4740.0,360426.0,0.20446735395189003
247,474,1109,1497,2021-07-01,7,160,1330,783,229,79,406,3330,1476111,173,121158,532133,2323136.0,1617.0,45022.0,103149.0,218576.0,361.0,135374.0,844019.0,4748.0,364340.0,0.23513513513513515
240,444,1149,1496,2021-08-01,9,124,1363,869,217,61,349,3412,1479523,146,121304,532753,2323609.0,1640.0,49111.0,106600.0,218401.0,357.0,132596.0,848695.0,4754.0,368490.0,0.25468933177022274
242,447,1156,1522,2021-09-01,11,154,1357,881,234,61,346,4357,1483880,182,121486,532530,2324632.0,1641.0,51040.0,106421.0,217330.0,376.0,132110.0,853534.0,4755.0,372018.0,0.20220335092953867
242,490,1084,1489,2021-10-01,12,123,1354,789,232,85,383,3238,1487118,157,121643,532166,2325580.0,1664.0,50923.0,105188.0,217493.0,362.0,132968.0,857769.0,4758.0,375523.0,0.24366893143915996
271,481,1152,1591,2021-11-01,6,121,1464,869,253,62,407,3749,1490867,190,121833,532537,2327896.0,1682.0,50859.0,105025.0,217811.0,351.0,134064.0,861834.0,4762.0,379406.0,0.23179514537209922
297,518,1088,1551,2021-12-01,11,86,1454,811,262,74,404,4225,1495092,221,122054,531434,2329354.0,1691.0,54374.0,108680.0,217336.0,349.0,131734.0,866109.0,4765.0,383095.0,0.19195266272189349
269,407,1078,1448,2022-01-01,3,128,1317,729,247,60,412,3338,1498430,179,122233,531103,2328768.0,1709.0,58159.0,112097.0,217701.0,335.0,128447.0,870069.0,4768.0,386741.0,0.21839424805272617
122,185,679,833,2022-02-01,8,72,753,423,111,74,225,2880,1501310,152,122385,530443,2324268.0,1705.0,58361.0,110907.0,219296.0,338.0,125725.0,874661.0,4772.0,390061.0,0.146875
133,198,668,847,2022-03-01,7,66,774,450,125,60,212,3363,1504673,150,122535,530177,2321335.0,1694.0,54630.0,106278.0,220443.0,347.0,125778.0,879690.0,4776.0,394178.0,0.13380909901873328
159,298,840,1060,2022-04-01,5,91,964,548,150,59,303,3602,1508275,135,122670,530840,2322232.0,1702.0,50914.0,105876.0,219733.0,337.0,126696.0,883935.0,4778.0,397654.0,0.1521377012770683
236,439,1083,1423,2022-05-01,10,109,1304,758,225,94,346,3661,1511936,180,122850,531029,2325142.0,1728.0,49291.0,107572.0,219285.0,315.0,128357.0,887999.0,4783.0,401076.0,0.20704725484840208
225,468,1142,1461,2022-06-01,6,99,1356,819,211,87,344,4302,1516238,220,123070,530427,2329580.0,1726.0,47790.0,108120.0,217790.0,311.0,130422.0,892457.0,4784.0,404687.0,0.1903765690376569
217,431,1001,1343,2022-07-01,7,97,1239,750,197,79,317,3532,1519770,181,123251,530280,2332835.0,1720.0,46403.0,108950.0,216637.0,318.0,131435.0,897126.0,4787.0,408922.0,0.21234428086070214
222,433,1053,1385,2022-08-01,7,90,1288,785,212,90,298,4524,1524294,253,123504,530422,2337106.0,1726.0,45526.0,109201.0,215806.0,305.0,132477.0,901756.0,4791.0,413240.0,0.17351900972590628
206,423,1014,1302,2022-09-01,9,86,1207,748,191,69,294,3483,1527777,221,123725,530044,2341590.0,1720.0,44633.0,108352.0,214399.0,311.0,133872.0,906495.0,4798.0,416722.0,0.2147573930519667
232,414,1076,1438,2022-10-01,12,83,1343,776,226,64,372,3477,1531254,193,123918,529701,2344626.0,1714.0,44066.0,108025.0,213310.0,316.0,134585.0,911228.0,4804.0,420186.0,0.22318090307736554
196,436,961,1279,2022-11-01,9,68,1202,734,182,63,300,4713,1535967,213,124131,529695,2348451.0,1722.0,42726.0,107097.0,212198.0,320.0,135528.0,915953.0,4807.0,424245.0,0.15573944409081264
248,462,877,1288,2022-12-01,6,57,1225,689,226,69,304,3209,1539176,161,124292,528980,2351926.0,1716.0,41128.0,106059.0,211122.0,329.0,136794.0,920479.0,4808.0,428014.0,0.2147086319725771
230,524,1015,1378,2023-01-01,9,104,1265,763,220,62,333,3046,1542222,185,124477,528125,2354962.0,1715.0,39785.0,105145.0,210152.0,331.0,137322.0,924945.0,4814.0,431761.0,0.2504924491135916
231,503,988,1358,2023-02-01,9,96,1253,744,224,71,319,3984,1546206,216,124693,529221,2361950.0,1714.0,42409.0,108982.0,206104.0,325.0,135588.0,929717.0,4821.0,434268.0,0.18674698795180722
239,693,1180,1546,2023-03-01,7,91,1448,889,230,114,313,4786,1550992,280,124973,529896,2369803.0,1706.0,46205.0,111661.0,200988.0,332.0,132616.0,935744.0,4828.0,437678.0,0.18575010447137486
220,489,989,1316,2023-04-01,13,86,1217,716,213,87,300,3117,1554109,180,125153,528834,2374122.0,1700.0,48625.0,109826.0,198474.0,342.0,129814.0,940178.0,4831.0,441205.0,0.22970805261469363
250,497,1111,1453,2023-05-01,7,105,1341,796,236,83,338,4720,1558829,293,125446,529166,2380554.0,1678.0,49324.0,108052.0,195663.0,352.0,129333.0,944753.0,4842.0,445180.0,0.16864406779661018
255,548,1078,1450,2023-06-01,4,88,1358,808,246,102,294,3365,1562194,220,125666,529518,2387570.0,1690.0,49410.0,107372.0,193043.0,353.0,130045.0,949603.0,4844.0,448595.0,0.24011887072808322
191,622,1188,1521,2023-07-01,11,97,1413,894,183,112,332,3467,1565661,230,125896,529420,2393899.0,1703.0,49459.0,106601.0,191422.0,338.0,130085.0,954330.0,4849.0,452399.0,0.2578598211710412
212,544,1068,1396,2023-08-01,7,68,1321,796,202,90,308,4248,1569909,254,126150,529095,2401707.0,1717.0,49452.0,106990.0,189485.0,325.0,130335.0,958970.0,4861.0,456453.0,0.1873822975517891
212,542,1163,1494,2023-09-01,6,77,1411,861,210,85,338,3200,1573109,216,126366,527942,2407616.0,1722.0,49006.0,107059.0,188486.0,314.0,130372.0,963422.0,4872.0,460420.0,0.2690625
220,508,1084,1430,2023-10-01,11,71,1348,804,208,82,336,3163,1576272,202,126568,526988,2413226.0,1738.0,49080.0,107436.0,187310.0,301.0,130304.0,968011.0,4878.0,464059.0,0.25418906101802086
285,564,1120,1529,2023-11-01,8,80,1441,858,265,76,330,4250,1580522,281,126849,525967,2420580.0,1787.0,50142.0,108036.0,185735.0,272.0,129842.0,972631.0,4879.0,468087.0,0.20188235294117646
206,549,951,1318,2023-12-01,4,37,1277,718,195,82,323,3257,1583779,190,127039,525260,2425681.0,1799.0,51179.0,108291.0,184854.0,272.0,128762.0,976972.0,4883.0,472528.0,0.22044826527479275
245,733,1232,1619,2024-01-01,9,93,1517,957,231,75,356,4106,1587885,268,127307,524338,2432510.0,1800.0,53423.0,111156.0,183935.0,264.0,128007.0,981258.0,4889.0,476049.0,0.2330735509011203
197,581,1012,1353,2024-02-01,3,61,1289,770,193,76,314,3031,1590916,151,127458,523283,2436970.0,1812.0,54459.0,110824.0,182695.0,265.0,130347.0,985466.0,4891.0,477107.0,0.2540415704387991
225,592,1169,1523,2024-03-01,4,69,1450,884,216,92,331,3249,1594165,194,127652,522941,2443316.0,1810.0,54408.0,111246.0,181813.0,281.0,132791.0,990369.0,4894.0,478863.0,0.2720837180670976
208,622,1218,1557,2024-04-01,11,61,1485,877,202,121,357,3155,1597320,200,127852,522849,2450073.0,1801.0,55935.0,112587.0,181133.0,292.0,134587.0,994208.0,4897.0,480121.0,0.2779714738510301
230,604,1240,1611,2024-05-01,9,77,1525,906,213,101,391,3649,1600969,228,128080,522116,2456057.0,1801.0,56490.0,112535.0,180865.0,300.0,136811.0,998336.0,4900.0,482046.0,0.24828720197314333
193,601,1216,1519,2024-06-01,5,69,1445,909,185,85,340,2930,1603899,220,128300,522057,2461316.0,1793.0,56277.0,111333.0,180781.0,314.0,136536.0,1002382.0,4908.0,486595.0,0.3102389078498293
205,634,1244,1567,2024-07-01,5,72,1490,893,198,123,353,3595,1607494,218,128518,522040,2467700.0,1792.0,57252.0,111614.0,180889.0,310.0,136236.0,1006376.0,4916.0,490720.0,0.24840055632823366
238,520,1204,1535,2024-08-01,10,61,1464,905,225,89,316,2888,1610382,179,128697,523052,2473529.0,1789.0,57442.0,111289.0,180641.0,318.0,139141.0,1010996.0,4922.0,492193.0,0.31336565096952906
206,506,1200,1533,2024-09-01,9,56,1468,926,200,81,326,3034,1613416,188,128885,522908,2478324.0,1797.0,58513.0,111009.0,181386.0,320.0,139671.0,1015105.0,4928.0,495176.0,0.3052076466710613
242,509,1182,1561,2024-10-01,6,53,1502,909,237,61,354,3740,1617156,230,129115,523756,2483588.0,1792.0,60018.0,110708.0,182093.0,325.0,139021.0,1019478.0,4930.0,499368.0,0.24304812834224598
251,545,1182,1599,2024-11-01,6,43,1550,915,242,81,361,3089,1620245,183,129298,524208,2488498.0,1743.0,60028.0,109180.0,182772.0,364.0,138725.0,1023942.0,4935.0,504335.0,0.29621236646163807
225,460,985,1377,2024-12-01,6,36,1335,776,219,48,334,2958,1623203,201,129499,522977,2493225.0,1742.0,60292.0,108858.0,183998.0,360.0,141620.0,1027880.0,4940.0,505815.0,0.2623394185260311
203,462,915,1300,2025-01-01,10,28,1262,723,182,57,338,3602,1626805,239,129738,521669,2497703.0,1735.0,59605.0,105838.0,185244.0,372.0,146192.0,1031822.0,4943.0,506320.0,0.20072182121043863
